{"cameraMode":{"drawMode":0,"name":"Shaded","section":"Shading Mode"},"sceneLighting":false,"audioPlay":false,"sceneViewState":{"m_AlwaysRefresh":false,"showFog":true,"showSkybox":false,"showFlares":true,"showImageEffects":true,"showParticleSystems":true,"showVisualEffectGraphs":true,"m_FxEnabled":true},"in2DMode":false,"pivot":{"x":0.0000024139881134033205,"y":0.8063615560531616,"z":-0.25274205207824709},"rotation":{"x":-0.06163065880537033,"y":0.8547285199165344,"z":-0.10436343401670456,"w":-0.5047690868377686},"size":1.6922837495803834,"orthographic":true}