{"cameraMode":{"drawMode":0,"name":"Shaded","section":"Shading Mode"},"sceneLighting":false,"audioPlay":false,"sceneViewState":{"m_AlwaysRefresh":false,"showFog":true,"showSkybox":false,"showFlares":true,"showImageEffects":true,"showParticleSystems":true,"showVisualEffectGraphs":true,"m_FxEnabled":true},"in2DMode":false,"pivot":{"x":-0.10404878854751587,"y":0.14466896653175355,"z":0.15667887032032014},"rotation":{"x":0.2560920715332031,"y":0.43193891644477847,"z":-0.129377543926239,"w":0.8550778031349182},"size":0.8660253882408142,"orthographic":true}