{"cameraMode":{"drawMode":0,"name":"Shaded","section":"Shading Mode"},"sceneLighting":true,"audioPlay":false,"sceneViewState":{"m_AlwaysRefresh":false,"showFog":true,"showSkybox":true,"showFlares":true,"showImageEffects":true,"showParticleSystems":true,"showVisualEffectGraphs":true,"m_FxEnabled":true},"in2DMode":false,"pivot":{"x":0.6875979900360107,"y":0.041173890233039859,"z":-1.9303334951400757},"rotation":{"x":-0.037851132452487949,"y":0.9613751769065857,"z":-0.1719621866941452,"w":-0.21158483624458314},"size":2.5004403591156008,"orthographic":true}