{"cameraMode":{"drawMode":0,"name":"Shaded","section":"Shading Mode"},"sceneLighting":true,"audioPlay":false,"sceneViewState":{"m_AlwaysRefresh":false,"showFog":true,"showSkybox":true,"showFlares":true,"showImageEffects":true,"showParticleSystems":true,"showVisualEffectGraphs":true,"m_FxEnabled":true},"in2DMode":false,"pivot":{"x":-3.6023340225219728,"y":2.3934073448181154,"z":1.023409366607666},"rotation":{"x":0.1337866187095642,"y":0.7019924521446228,"z":-0.13690254092216493,"w":0.6860359907150269},"size":0.7560978531837463,"orthographic":false}