{"cameraMode":{"drawMode":0,"name":"Shaded","section":"Shading Mode"},"sceneLighting":true,"audioPlay":false,"sceneViewState":{"m_AlwaysRefresh":false,"showFog":true,"showSkybox":true,"showFlares":true,"showImageEffects":true,"showParticleSystems":true,"showVisualEffectGraphs":true,"m_FxEnabled":true},"in2DMode":false,"pivot":{"x":8.561280250549317,"y":-0.9054603576660156,"z":-5.557361602783203},"rotation":{"x":0.07804519683122635,"y":0.9090248942375183,"z":-0.19804397225379945,"w":0.35838720202445986},"size":4.5208539962768559,"orthographic":false}