{"cameraMode":{"drawMode":0,"name":"Shaded","section":"Shading Mode"},"sceneLighting":true,"audioPlay":false,"sceneViewState":{"m_AlwaysRefresh":false,"showFog":true,"showSkybox":true,"showFlares":true,"showImageEffects":true,"showParticleSystems":true,"showVisualEffectGraphs":true,"m_FxEnabled":true},"in2DMode":false,"pivot":{"x":-0.6575393080711365,"y":1.0568044185638428,"z":-0.24089454114437104},"rotation":{"x":0.18670298159122468,"y":-0.23494106531143189,"z":0.046046022325754169,"w":0.9528189897537231},"size":2.785611867904663,"orthographic":true}