{"cameraMode":{"drawMode":0,"name":"Shaded","section":"Shading Mode"},"sceneLighting":true,"audioPlay":false,"sceneViewState":{"m_AlwaysRefresh":false,"showFog":true,"showSkybox":true,"showFlares":true,"showImageEffects":true,"showParticleSystems":true,"showVisualEffectGraphs":true,"m_FxEnabled":true},"in2DMode":false,"pivot":{"x":-0.6575393080711365,"y":1.0568044185638428,"z":-0.24089454114437104},"rotation":{"x":0.14131903648376466,"y":-0.7061888575553894,"z":0.1472047120332718,"w":0.6780105829238892},"size":1.6650850772857667,"orthographic":true}