{"cameraMode":{"drawMode":0,"name":"Shaded","section":"Shading Mode"},"sceneLighting":true,"audioPlay":false,"sceneViewState":{"m_AlwaysRefresh":false,"showFog":true,"showSkybox":true,"showFlares":true,"showImageEffects":true,"showParticleSystems":true,"showVisualEffectGraphs":true,"m_FxEnabled":true},"in2DMode":false,"pivot":{"x":-2.4999990463256838,"y":1.0716489553451539,"z":-0.039496660232543948},"rotation":{"x":0.15569867193698884,"y":-0.825364887714386,"z":0.27443182468414309,"w":0.4682593047618866},"size":5.8083367347717289,"orthographic":true}