{"cameraMode":{"drawMode":0,"name":"Shaded","section":"Shading Mode"},"sceneLighting":true,"audioPlay":false,"sceneViewState":{"m_AlwaysRefresh":false,"showFog":true,"showSkybox":true,"showFlares":true,"showImageEffects":true,"showParticleSystems":true,"showVisualEffectGraphs":true,"m_FxEnabled":true},"in2DMode":false,"pivot":{"x":-0.37418416142463686,"y":0.6122972965240479,"z":1.3467607498168946},"rotation":{"x":0.16818273067474366,"y":0.0765572041273117,"z":-0.013095306232571602,"w":0.9827128052711487},"size":4.17943811416626,"orthographic":true}