{"cameraMode":{"drawMode":0,"name":"Shaded","section":"Shading Mode"},"sceneLighting":true,"audioPlay":false,"sceneViewState":{"m_AlwaysRefresh":false,"showFog":true,"showSkybox":true,"showFlares":true,"showImageEffects":true,"showParticleSystems":true,"showVisualEffectGraphs":true,"m_FxEnabled":true},"in2DMode":false,"pivot":{"x":6.556217670440674,"y":-30.090139389038087,"z":-71.40911102294922},"rotation":{"x":-0.007418744266033173,"y":-0.9778006672859192,"z":0.20658013224601746,"w":-0.03702855855226517},"size":40.685882568359378,"orthographic":false}