{"cameraMode":{"drawMode":0,"name":"Shaded","section":"Shading Mode"},"sceneLighting":true,"audioPlay":false,"sceneViewState":{"m_AlwaysRefresh":false,"showFog":true,"showSkybox":true,"showFlares":true,"showImageEffects":true,"showParticleSystems":true,"showVisualEffectGraphs":true,"m_FxEnabled":true},"in2DMode":false,"pivot":{"x":-1.7652981281280518,"y":0.25612425804138186,"z":1.2194684743881226},"rotation":{"x":0.06289801001548767,"y":-0.21850499510765077,"z":0.014091863296926022,"w":0.9737366437911987},"size":2.5979559421539308,"orthographic":true}