{"cameraMode":{"drawMode":0,"name":"Shaded","section":"Shading Mode"},"sceneLighting":false,"audioPlay":false,"sceneViewState":{"m_AlwaysRefresh":false,"showFog":true,"showSkybox":false,"showFlares":true,"showImageEffects":true,"showParticleSystems":true,"showVisualEffectGraphs":true,"m_FxEnabled":true},"in2DMode":false,"pivot":{"x":2.9802322387695315e-8,"y":0.6002482771873474,"z":-0.11477407813072205},"rotation":{"x":-0.06163065880537033,"y":0.8547285199165344,"z":-0.10436343401670456,"w":-0.5047690868377686},"size":1.1597071886062623,"orthographic":true}