{"cameraMode":{"drawMode":0,"name":"Shaded","section":"Shading Mode"},"sceneLighting":false,"audioPlay":false,"sceneViewState":{"m_AlwaysRefresh":false,"showFog":true,"showSkybox":false,"showFlares":true,"showImageEffects":true,"showParticleSystems":true,"showVisualEffectGraphs":true,"m_FxEnabled":true},"in2DMode":false,"pivot":{"x":-0.008379101753234864,"y":0.793166995048523,"z":0.046092689037323},"rotation":{"x":0.0015760097885504366,"y":-0.8514600992202759,"z":0.0025523302610963585,"w":0.5244858860969544},"size":1.7611150741577149,"orthographic":false}