{"cameraMode":{"drawMode":0,"name":"Shaded","section":"Shading Mode"},"sceneLighting":false,"audioPlay":false,"sceneViewState":{"m_AlwaysRefresh":false,"showFog":true,"showSkybox":false,"showFlares":true,"showImageEffects":true,"showParticleSystems":true,"showVisualEffectGraphs":true,"m_FxEnabled":true},"in2DMode":false,"pivot":{"x":-0.16988568007946015,"y":0.00679633766412735,"z":0.0018593929708003998},"rotation":{"x":0.22741466760635377,"y":0.026055585592985154,"z":-0.006084600929170847,"w":0.9734559655189514},"size":0.513259768486023,"orthographic":true}